features,visual_params
"[0.4344121217727661, 0.349856436252594, 0.367567777633667, 0.48383238911628723, 0.39610254764556885, 0.372708261013031, 0.41511908173561096, 0.5314393043518066, 0.6959988474845886, 0.641190767288208, 0.6801477074623108, 0.5662633776664734, 123.046875, 1727.9794959942426, 2184.303589214352, 3656.6534297640096, 0.2636882960796356, 0.05308256540170475]","[123, 527, 26, 1.23046875, 21.843035892143522]"
"[0.6697027683258057, 0.5543505549430847, 0.6197335124015808, 0.5171315670013428, 0.339721143245697, 0.25655674934387207, 0.2691141963005066, 0.41879770159721375, 0.3294885754585266, 0.315152108669281, 0.3962859809398651, 0.5446766018867493, 123.046875, 1810.5654368295952, 2186.912161990019, 3867.006347124932, 0.18656323850154877, 0.0642450254465905]","[123, 10, 18, 1.23046875, 21.869121619900188]"
"[0.43792474269866943, 0.35244929790496826, 0.3607097864151001, 0.4704817235469818, 0.3903811275959015, 0.3675044775009155, 0.4051075875759125, 0.5156269669532776, 0.6716676354408264, 0.6334027051925659, 0.6648182272911072, 0.5646458864212036, 107.666015625, 1698.9933846234965, 2187.9906383446196, 3624.4261898162003, 0.1841026246547699, 0.05505503952165869]","[107, 498, 18, 1.07666015625, 21.879906383446198]"
"[0.4366221335064183, 0.35195138173309976, 0.36899900781353884, 0.48433409079228384, 0.3978719148060394, 0.3742631679836088, 0.4168925404957965, 0.5329597283243181, 0.6975159088957473, 0.6428526979682674, 0.6815112665188428, 0.5683572921343572, 123.046875, 2047.393063195337, 2585.66232689842, 4401.751463249796, 0.2637951374053955, 0.058430989583333336]","[123, 247, 26, 1.23046875, 25.856623268984197]"
"[0.6767101883888245, 0.40583211183547974, 0.39849409461021423, 0.4060380458831787, 0.29362863302230835, 0.46341145038604736, 0.26347461342811584, 0.31300094723701477, 0.25779858231544495, 0.22926805913448334, 0.2502518594264984, 0.32811200618743896, 161.4990234375, 1377.7532080518833, 2001.5268251430716, 2855.5471991039853, 0.14128831028938293, 0.043061376439517594]","[161, 177, 14, 1.614990234375, 20.015268251430715]"
"[0.24671490490436554, 0.21433764696121216, 0.24379214644432068, 0.35977697372436523, 0.6972477436065674, 0.35254615545272827, 0.38125503063201904, 0.35702618956565857, 0.279939204454422, 0.4232746660709381, 0.2286463975906372, 0.2931290864944458, 151.99908088235293, 1498.4003144284334, 1994.0505232437463, 3192.963197726809, 0.09718751907348633, 0.05431416054588321]","[151, 298, 9, 1.5199908088235292, 19.940505232437463]"
"[0.6891021132469177, 0.41925349831581116, 0.4018518328666687, 0.3959357440471649, 0.3046308755874634, 0.4586546719074249, 0.27642542123794556, 0.3372856676578522, 0.27226004004478455, 0.24808721244335175, 0.275082528591156, 0.3500398099422455, 95.703125, 1399.9600671542962, 2020.6691226438677, 2940.561844423433, 0.09695565700531006, 0.045459260720505004]","[95, 199, 9, 0.95703125, 20.20669122643868]"
"[0.67680152401982, 0.4062584845780104, 0.39911346323478114, 0.40672076154198655, 0.2944257681967259, 0.4639927524823159, 0.2640444750570553, 0.3135819118773312, 0.2584603614839368, 0.2300524884232303, 0.2509900373559143, 0.32866853074243113, 161.4990234375, 1857.7657999481478, 2611.511471197047, 4365.88622249898, 0.14140871167182922, 0.049734376416848025]","[161, 57, 14, 1.614990234375, 26.115114711970467]"
"[0.34066012501716614, 0.3234851062297821, 0.23085108399391174, 0.17975464463233948, 0.2771027982234955, 0.5568841099739075, 0.30235227942466736, 0.297454297542572, 0.3330842852592468, 0.29592078924179077, 0.34122195839881897, 0.24126800894737244, 129.19921875, 1650.6440932202033, 2021.4271223021926, 3494.1702991107863, 0.07193506509065628, 0.05694613285500544]","[129, 450, 7, 1.2919921875, 20.214271223021925]"
"[0.2951071858406067, 0.2801908850669861, 0.32693424820899963, 0.222593754529953, 0.3250301480293274, 0.30138251185417175, 0.19386614859104156, 0.15343353152275085, 0.30494147539138794, 0.5465355515480042, 0.2714283764362335, 0.26345765590667725, 129.19921875, 1726.824008492005, 1972.6927177776458, 3738.0961122398667, 0.049324166029691696, 0.06583242655059848]","[129, 526, 4, 1.2919921875, 19.72692717777646]"
"[0.3121050000190735, 0.30688396096229553, 0.2119312733411789, 0.1827656328678131, 0.29516735672950745, 0.5469645261764526, 0.2995116412639618, 0.3062470853328705, 0.3245835602283478, 0.2892819046974182, 0.33255383372306824, 0.22265858948230743, 151.99908088235293, 1651.8538950051434, 2029.2762437562271, 3523.6738604361667, 0.0496097058057785, 0.057073849722464084]","[151, 451, 4, 1.5199908088235292, 20.29276243756227]"
"[0.3469276727144716, 0.3308372170004793, 0.23890956919051926, 0.18761854196226108, 0.2833040878668192, 0.559704745749482, 0.3069919137786483, 0.30360349101149314, 0.33947387774946824, 0.30249937132061494, 0.3476284831415241, 0.24806578433005572, 129.19921875, 2926.8937608273377, 3080.5025442924875, 6666.2446496276525, 0.0722813680768013, 0.09078790210146899]","[129, 526, 7, 1.2919921875, 30.805025442924876]"
"[0.2541869282722473, 0.37164199352264404, 0.3229800760746002, 0.23919756710529327, 0.35751211643218994, 0.3298509120941162, 0.6533698439598083, 0.4890907108783722, 0.36053043603897095, 0.4667936861515045, 0.28955942392349243, 0.35669630765914917, 123.046875, 2044.5953671479538, 2517.5331398917283, 4550.999913926483, 0.1301218420267105, 0.07103597802185346]","[123, 244, 13, 1.23046875, 25.175331398917283]"
"[0.3562985360622406, 0.4564612805843353, 0.29714417457580566, 0.3652989864349365, 0.22822420299053192, 0.34027543663978577, 0.31747254729270935, 0.2300071269273758, 0.35957297682762146, 0.30930086970329285, 0.6041064262390137, 0.48889783024787903, 123.046875, 2057.529491903673, 2414.9877014459853, 4544.876580139758, 0.088351771235466, 0.08150489095937613]","[123, 257, 8, 1.23046875, 24.149877014459854]"
"[0.25328606367111206, 0.36118388175964355, 0.3227115273475647, 0.2433742731809616, 0.35605910420417786, 0.32979750633239746, 0.6467793583869934, 0.5065062642097473, 0.3554821014404297, 0.4595874547958374, 0.2863151729106903, 0.34589090943336487, 143.5546875, 2043.506607895344, 2545.552310703552, 4612.525540701867, 0.0881180688738823, 0.07401786807520679]","[143, 243, 8, 1.435546875, 25.455523107035518]"
"[0.2557509682040651, 0.37295808232235983, 0.3241801739121444, 0.2407316524204128, 0.3586910527885728, 0.33114422604654353, 0.653835396320954, 0.490241099184539, 0.3620876854344149, 0.468019408727578, 0.29099423648656964, 0.35769484581285543, 123.046875, 2405.1462280384258, 2866.5271586046733, 5675.795409624932, 0.13028210401535034, 0.0792058779357091]","[123, 5, 13, 1.23046875, 28.66527158604673]"
"[0.13138331472873688, 0.2079160064458847, 0.34495747089385986, 0.2265540212392807, 0.23468953371047974, 0.24581274390220642, 0.25024375319480896, 0.4130488336086273, 0.38514140248298645, 0.7628030776977539, 0.5150648355484009, 0.2247527837753296, 143.5546875, 1780.3362785694324, 2176.1593780979438, 3763.4251574826576, 0.12421329319477081, 0.07000327291893363]","[143, 580, 12, 1.435546875, 21.76159378097944]"
"[0.37211108207702637, 0.7172237634658813, 0.47808223962783813, 0.20586279034614563, 0.11995365470647812, 0.17593559622764587, 0.3468715250492096, 0.1971059888601303, 0.2193455696105957, 0.23164300620555878, 0.24920587241649628, 0.42549043893814087, 143.5546875, 1939.0237226380352, 2166.2071755325965, 4166.756813622143, 0.08552997559309006, 0.08696347507480957]","[143, 139, 8, 1.435546875, 21.662071755325965]"
"[0.1263212263584137, 0.2017892450094223, 0.32762181758880615, 0.21938714385032654, 0.24339932203292847, 0.24879306554794312, 0.24299290776252747, 0.39741283655166626, 0.35958003997802734, 0.7536386251449585, 0.5034212470054626, 0.21245762705802917, 117.45383522727273, 1840.006827459877, 2218.7070393713275, 3899.3190421609706, 0.07935350388288498, 0.07631196091369177]","[117, 40, 7, 1.1745383522727273, 22.187070393713274]"
"[0.13277688708331922, 0.20520578068494397, 0.3450252028252828, 0.23181596160043544, 0.23444593414837275, 0.2481218914023047, 0.2479689389595161, 0.4130853856026954, 0.38056467882756095, 0.7600983853639873, 0.5275997316396865, 0.23384103078649426, 143.5546875, 2147.623678424526, 2658.125050549812, 4814.049429576986, 0.12434572726488113, 0.07518096691376497]","[143, 347, 12, 1.435546875, 26.58125050549812]"
"[0.4296015202999115, 0.3134079873561859, 0.3649244010448456, 0.32696157693862915, 0.5123082995414734, 0.37234342098236084, 0.30422383546829224, 0.33356887102127075, 0.38464683294296265, 0.5679500102996826, 0.4230705499649048, 0.4818108081817627, 112.34714673913044, 2216.698860896043, 2629.9275689500632, 5145.17026616907, 0.14356538653373718, 0.06766600499863983]","[112, 416, 14, 1.1234714673913044, 26.299275689500632]"
"[0.36898094415664673, 0.5466203689575195, 0.4130809009075165, 0.45836716890335083, 0.4108344316482544, 0.29851964116096497, 0.3278360068798065, 0.2912012040615082, 0.49285900592803955, 0.36419644951820374, 0.3135645091533661, 0.3365880846977234, 112.34714673913044, 2295.903229054257, 2618.188443490984, 5284.847102616635, 0.09512187540531158, 0.0788821281624048]","[112, 495, 9, 1.1234714673913044, 26.18188443490984]"
"[0.4300991892814636, 0.31311753392219543, 0.34789609909057617, 0.3207002282142639, 0.5105882883071899, 0.3904317617416382, 0.32135215401649475, 0.34235692024230957, 0.38306498527526855, 0.5666547417640686, 0.41838622093200684, 0.4861919581890106, 135.99917763157896, 2251.569558758918, 2659.9781098627905, 5267.305531416658, 0.09571365267038345, 0.07097147774270789]","[135, 451, 9, 1.3599917763157896, 26.599781098627904]"
"[0.430264290004322, 0.31426718914403606, 0.3657361842097127, 0.32776496896806767, 0.5127321344569445, 0.3729162884209605, 0.3049492588232282, 0.33427948614981134, 0.3852253068777176, 0.5682659634410758, 0.4236555892809708, 0.48245697430024725, 112.34714673913044, 2423.828484477761, 2867.7594326563403, 5733.041551193553, 0.14367759227752686, 0.07182303709874864]","[112, 23, 14, 1.1234714673913044, 28.677594326563405]"
"[0.3343079388141632, 0.26330339908599854, 0.3259321451187134, 0.4978538155555725, 0.43825677037239075, 0.3111785352230072, 0.31777334213256836, 0.4516577124595642, 0.5495645999908447, 0.5170313715934753, 0.566069483757019, 0.5393897294998169, 123.046875, 1703.7894068725602, 1998.3584771272256, 3516.902394756529, 0.17385759949684143, 0.060926767376224156]","[123, 503, 17, 1.23046875, 19.983584771272255]"
"[0.5296180844306946, 0.45676305890083313, 0.5192918181419373, 0.5128638744354248, 0.2767331898212433, 0.20228832960128784, 0.2593494653701782, 0.47036853432655334, 0.4094180166721344, 0.278835266828537, 0.3070439100265503, 0.4622827470302582, 123.046875, 1926.8961228697553, 2128.833438726497, 4057.5833956746465, 0.11549854278564453, 0.07782870165714545]","[123, 126, 11, 1.23046875, 21.28833438726497]"
"[0.3291507661342621, 0.2675866484642029, 0.3434344232082367, 0.5186067223548889, 0.4700320363044739, 0.3212047219276428, 0.3049412965774536, 0.4246762990951538, 0.509946882724762, 0.48437532782554626, 0.5347716212272644, 0.5195080041885376, 107.666015625, 1724.656714608387, 2029.7408306750087, 3603.0195423038203, 0.11278291046619415, 0.06711093103776665]","[107, 524, 11, 1.07666015625, 20.297408306750086]"
"[0.340678692442657, 0.2705708930228853, 0.332536938256627, 0.5018017227926626, 0.44183185692476606, 0.31633392364108487, 0.32244684993229933, 0.4552304574756803, 0.5547427665877482, 0.5224586164316192, 0.5711986800652412, 0.542449363799313, 123.046875, 2486.641655179603, 2775.7455306977217, 5482.293375739595, 0.17415793240070343, 0.08653257616974973]","[123, 86, 17, 1.23046875, 27.757455306977217]"
"[0.6512143611907959, 0.3786015510559082, 0.3231668472290039, 0.3406378924846649, 0.2732588052749634, 0.3511384427547455, 0.2616478204727173, 0.4213145971298218, 0.3033958077430725, 0.24519553780555725, 0.29482921957969666, 0.34020814299583435, 161.4990234375, 1465.4740239004568, 2102.171405377269, 3074.788322905332, 0.12408323585987091, 0.04567546104234675]","[161, 265, 12, 1.614990234375, 21.02171405377269]"
"[0.2746202349662781, 0.23835091292858124, 0.30500108003616333, 0.3653108775615692, 0.6651917099952698, 0.36561763286590576, 0.32415491342544556, 0.3263368606567383, 0.2694588303565979, 0.34912917017936707, 0.2561555504798889, 0.3992023766040802, 161.4990234375, 1558.002938284141, 2048.0135404850867, 3321.12363663799, 0.08740095794200897, 0.05690167924827711]","[161, 358, 8, 1.614990234375, 20.480135404850866]"
"[0.6251951456069946, 0.3774876594543457, 0.3269083499908447, 0.3529307246208191, 0.2850351929664612, 0.36283379793167114, 0.2699926793575287, 0.43507587909698486, 0.32231101393699646, 0.263937771320343, 0.3124616742134094, 0.3465665280818939, 95.703125, 1489.4646587699613, 2119.751686635023, 3166.238625193867, 0.08241115510463715, 0.048628943662929906]","[95, 289, 8, 0.95703125, 21.197516866350227]"
"[0.6513537626958862, 0.37949839071816494, 0.32434800844699396, 0.34185037218437336, 0.2745776328956517, 0.35211274067045645, 0.2627056792399061, 0.4222376573011347, 0.3045371832069605, 0.24621496492408457, 0.29575519688148744, 0.3411022447954945, 161.4990234375, 2000.1979454510254, 2687.815224422983, 4714.115684932672, 0.12423824518918991, 0.05601172158369604]","[161, 200, 12, 1.614990234375, 26.87815224422983]"
"[0.34596046805381775, 0.24413470923900604, 0.2110963612794876, 0.2451840490102768, 0.32675549387931824, 0.6640501022338867, 0.31588971614837646, 0.370292067527771, 0.3740229606628418, 0.21751680970191956, 0.22174815833568573, 0.20439305901527405, 129.19921875, 2162.580961964094, 2628.5890236228383, 4768.6828679696, 0.1144215390086174, 0.07147892013511063]","[129, 362, 11, 1.2919921875, 26.285890236228383]"
"[0.3637906610965729, 0.2105150818824768, 0.22089305520057678, 0.2044190913438797, 0.36003735661506653, 0.2398158460855484, 0.19692616164684296, 0.22195491194725037, 0.32933637499809265, 0.647128701210022, 0.2979840338230133, 0.3608081638813019, 129.19921875, 2069.9805651392976, 2349.1181520031387, 4700.181976417982, 0.07770098745822906, 0.07958010291984041]","[129, 269, 7, 1.2919921875, 23.491181520031386]"
"[0.3511383533477783, 0.2841099202632904, 0.24183225631713867, 0.26496145129203796, 0.31491702795028687, 0.6836124658584595, 0.35509049892425537, 0.3648475408554077, 0.4026564061641693, 0.24184110760688782, 0.2274264544248581, 0.20966635644435883, 151.99908088235293, 2168.816992146698, 2641.697182675009, 4804.482281576513, 0.07808969914913177, 0.07579136849695255]","[151, 368, 7, 1.5199908088235292, 26.416971826750093]"
"[0.34596479047511886, 0.24640229935953448, 0.21169853275847722, 0.24609238052554766, 0.3240399535161095, 0.6644302881017927, 0.31849405235746214, 0.3695820838953996, 0.3755194336540713, 0.21910657693457036, 0.222782582424572, 0.20468637528693526, 129.19921875, 2449.0062869487183, 2905.789540555976, 5659.081207707087, 0.11455710977315903, 0.07620747330658324]","[129, 49, 11, 1.2919921875, 29.057895405559762]"
"[0.36755141615867615, 0.4146350920200348, 0.4357088804244995, 0.36435142159461975, 0.4678889214992523, 0.43023255467414856, 0.6116541028022766, 0.5001159906387329, 0.469443142414093, 0.5165991187095642, 0.4113011062145233, 0.5091724395751953, 123.046875, 1180.791341783085, 1469.7945007954568, 2516.990885770879, 0.1480332314968109, 0.04609962991929634]","[123, 580, 14, 1.23046875, 14.697945007954567]"
"[0.4177997410297394, 0.4362131357192993, 0.37896478176116943, 0.4972210228443146, 0.31130826473236084, 0.359086811542511, 0.3800725042819977, 0.30710235238075256, 0.42136678099632263, 0.38732361793518066, 0.5602254867553711, 0.45564693212509155, 123.046875, 1256.0438598711062, 1548.7492430698785, 2644.268752337799, 0.10814453661441803, 0.051083924158959015]","[123, 56, 10, 1.23046875, 15.487492430698785]"
"[0.37252652645111084, 0.4124833941459656, 0.40687212347984314, 0.35292789340019226, 0.45461541414260864, 0.4282953441143036, 0.5859406590461731, 0.49767258763313293, 0.49046590924263, 0.5446822643280029, 0.42905208468437195, 0.526327908039093, 151.99908088235293, 1216.4606791627523, 1557.7495214321843, 2659.2568410392632, 0.09612690657377243, 0.04550220056051371]","[151, 16, 9, 1.5199908088235292, 15.577495214321843]"
"[0.3711824661435534, 0.41765766572660107, 0.4386516752211894, 0.3683729718880456, 0.47117003107734495, 0.4335767162990582, 0.6133959504541957, 0.5028799154852118, 0.4721953693968387, 0.5193557259148259, 0.4148014155833409, 0.5117360927171315, 123.046875, 2258.8371606066867, 2892.41720944887, 5355.702822148735, 0.14827869832515717, 0.06793414348703301]","[123, 458, 14, 1.23046875, 28.9241720944887]"
"[0.18533404171466827, 0.31723248958587646, 0.35841044783592224, 0.25662386417388916, 0.2871232032775879, 0.2568073570728302, 0.40213847160339355, 0.39456406235694885, 0.4131474494934082, 0.6812240481376648, 0.36837029457092285, 0.2799900770187378, 123.046875, 1443.7034741582672, 1781.0334043506118, 2827.176012904652, 0.10007332265377045, 0.057248629907961555]","[123, 243, 10, 1.23046875, 17.810334043506117]"
"[0.38292616605758667, 0.6377077698707581, 0.33867165446281433, 0.25839963555336, 0.15731379389762878, 0.27389079332351685, 0.34893879294395447, 0.22608891129493713, 0.25879883766174316, 0.2276923656463623, 0.37611550092697144, 0.3837764859199524, 123.046875, 1553.9712014237066, 1753.8134802784668, 3057.2345057042303, 0.06577171385288239, 0.07018586920792529]","[123, 353, 6, 1.23046875, 17.53813480278467]"
"[0.17735669016838074, 0.3113566040992737, 0.3552702069282532, 0.2550128400325775, 0.27238306403160095, 0.23735485970973969, 0.36677294969558716, 0.36986303329467773, 0.4057462811470032, 0.6783378720283508, 0.3457510769367218, 0.26323384046554565, 143.5546875, 1468.806339180788, 1801.60574868136, 2870.9890681969687, 0.06457901000976562, 0.060295613163909446]","[143, 268, 6, 1.435546875, 18.0160574868136]"
"[0.18966693260426015, 0.32084808495362027, 0.3615981616230608, 0.26147333744199197, 0.29188498677023766, 0.26051278546549395, 0.4043265234556218, 0.39655989203923686, 0.41593277530144096, 0.682827911594271, 0.3707404351046658, 0.28372381388256634, 123.046875, 2273.406480500778, 2824.944096962706, 5365.0908925717495, 0.10031210631132126, 0.0739909916802684]","[123, 473, 10, 1.23046875, 28.249440969627063]"
"[0.4268677830696106, 0.2534010410308838, 0.2855164706707001, 0.2575436234474182, 0.3991580605506897, 0.28744229674339294, 0.24358749389648438, 0.28106340765953064, 0.34830087423324585, 0.5539585947990417, 0.37902358174324036, 0.4784989356994629, 112.34714673913044, 2438.8652783246175, 2787.360732526904, 5558.159450659685, 0.153667613863945, 0.07410168293208197]","[112, 38, 15, 1.1234714673913044, 27.87360732526904]"
"[0.3285492956638336, 0.5353091955184937, 0.3854752480983734, 0.46653762459754944, 0.4005036950111389, 0.22249433398246765, 0.24375061690807343, 0.2130560576915741, 0.38370975852012634, 0.2856537997722626, 0.24984757602214813, 0.29323962330818176, 112.34714673913044, 2431.1281437287853, 2654.6343758145226, 5545.5964629097525, 0.10390057414770126, 0.0824364685346391]","[112, 31, 10, 1.1234714673913044, 26.546343758145227]"
"[0.43930110335350037, 0.2636641561985016, 0.2987673282623291, 0.27379119396209717, 0.4150673747062683, 0.3046334385871887, 0.2602902948856354, 0.286685049533844, 0.35482943058013916, 0.5574002861976624, 0.39015305042266846, 0.4829696714878082, 135.99917763157896, 2426.479211714424, 2803.628315491191, 5593.308102280148, 0.10681966692209244, 0.07376788167990858]","[135, 26, 10, 1.3599917763157896, 28.036283154911914]"
"[0.42782894301698027, 0.254333141136946, 0.28624036029234046, 0.25851146588276985, 0.39997936396053035, 0.2882494270964972, 0.24422144763504444, 0.28162586742302453, 0.3490957273166668, 0.5546341112741332, 0.38001504978319983, 0.47944058462347183, 112.34714673913044, 2620.5838345417674, 2962.5963781596606, 6096.501244346777, 0.15378524363040924, 0.07795108190515053]","[112, 220, 15, 1.1234714673913044, 29.625963781596607]"
"[0.2557811141014099, 0.16878192126750946, 0.1886303573846817, 0.18144257366657257, 0.1344444304704666, 0.13058291375637054, 0.17089660465717316, 0.3701607882976532, 0.2934909462928772, 0.3410937488079071, 0.3186449408531189, 0.19583135843276978, 161.4990234375, 1049.5779443000104, 1377.9325343546093, 2165.7114720059167, 0.07711978256702423, 0.03402578238347842]","[161, 449, 7, 1.614990234375, 13.779325343546093]"
"[0.2637765109539032, 0.31595203280448914, 0.2608349323272705, 0.18347637355327606, 0.2583354413509369, 0.15545547008514404, 0.19217024743556976, 0.19083766639232635, 0.14269067347049713, 0.1394258439540863, 0.19301491975784302, 0.3582003116607666, 151.99908088235293, 1232.5509864986932, 1492.4734666621919, 2590.529469022035, 0.05205852910876274, 0.04519426403246282]","[151, 32, 5, 1.5199908088235292, 14.92473466662192]"
"[0.2650669813156128, 0.17419244349002838, 0.19707225263118744, 0.18160921335220337, 0.14132118225097656, 0.14190459251403809, 0.1732475906610489, 0.36646804213523865, 0.2891957461833954, 0.3336332440376282, 0.3133624494075775, 0.20754089951515198, 95.703125, 1081.6480259069538, 1417.8658213314955, 2266.8031990605955, 0.05172530934214592, 0.037188877476055725]","[95, 481, 5, 0.95703125, 14.178658213314954]"
"[0.4913362007837602, 0.4117145973962774, 0.43117098893238287, 0.42983038836686993, 0.3876172717431486, 0.3561333795651766, 0.3767310153056713, 0.549622200626361, 0.49798769671892085, 0.5599287624278914, 0.5425587494236178, 0.4259067939304513, 161.4990234375, 3166.0691117289393, 2941.41924849183, 6522.666531003469, 0.07867169380187988, 0.18481755248005077]","[161, 166, 7, 1.614990234375, 29.4141924849183]"
"[0.34155985713005066, 0.26355502009391785, 0.23531833291053772, 0.26809144020080566, 0.3094266653060913, 0.5720267295837402, 0.29695621132850647, 0.3630127012729645, 0.4359750747680664, 0.25538673996925354, 0.32271435856819153, 0.23129738867282867, 129.19921875, 2161.7472322404933, 2594.130653678851, 4683.12802319947, 0.13121458888053894, 0.07411886221436344]","[129, 361, 13, 1.2919921875, 25.94130653678851]"
"[0.40984582901000977, 0.23725219070911407, 0.31189683079719543, 0.21650837361812592, 0.33083271980285645, 0.26817917823791504, 0.21766959130764008, 0.24199654161930084, 0.3000090420246124, 0.5717913508415222, 0.3028731942176819, 0.3413277566432953, 123.046875, 2169.9393441893067, 2379.02464479904, 4828.490812448994, 0.08767319470643997, 0.0861239926210555]","[123, 369, 8, 1.23046875, 23.7902464479904]"
"[0.35249826312065125, 0.2758634090423584, 0.24621650576591492, 0.27259403467178345, 0.32153162360191345, 0.5951123833656311, 0.3075335621833801, 0.36520421504974365, 0.43810319900512695, 0.2518961429595947, 0.3120479881763458, 0.23531892895698547, 143.5546875, 2162.1765684851625, 2605.4736598306, 4717.85730836077, 0.09019190818071365, 0.07344668317370483]","[143, 362, 9, 1.435546875, 26.054736598306]"
"[0.3425132020948824, 0.2632005675634833, 0.2360540796589392, 0.26872102732351894, 0.31283962573874147, 0.5722548171784402, 0.29600607648777166, 0.36522862266805667, 0.4358808143439456, 0.25544136026379416, 0.3231970837613735, 0.23173257953049872, 129.19921875, 2334.5467678958903, 2767.737962001528, 5152.398767979801, 0.13132543861865997, 0.07687569425553137]","[129, 534, 13, 1.2919921875, 27.67737962001528]"
"[0.49149090051651, 0.38482460379600525, 0.40560173988342285, 0.41205066442489624, 0.5011380314826965, 0.4816695749759674, 0.5256775617599487, 0.5231771469116211, 0.5450400710105896, 0.5611762404441833, 0.5480871796607971, 0.6842712163925171, 123.046875, 1646.549574528492, 2313.86877043127, 3670.1888091675733, 0.23544272780418396, 0.03703977234085963]","[123, 446, 23, 1.23046875, 23.1386877043127]"
"[0.48693138360977173, 0.48000964522361755, 0.5166079998016357, 0.6470134854316711, 0.41844210028648376, 0.3280118703842163, 0.3558140993118286, 0.3775263726711273, 0.47785744071006775, 0.46078306436538696, 0.5058827996253967, 0.49467596411705017, 123.046875, 1619.6665274501947, 2152.244325238255, 3724.9043893243334, 0.16074112057685852, 0.043717377074265505]","[123, 419, 16, 1.23046875, 21.52244325238255]"
"[0.4877452552318573, 0.3822270631790161, 0.4038771390914917, 0.4081358313560486, 0.4978349804878235, 0.47908005118370056, 0.5292361378669739, 0.5182479023933411, 0.5427253246307373, 0.564709484577179, 0.5466474294662476, 0.6728450655937195, 151.99908088235293, 1649.0457467136832, 2337.0226874119658, 3699.661157896169, 0.15749916434288025, 0.040129831369721376]","[151, 449, 15, 1.5199908088235292, 23.37022687411966]"
"[0.4921219016497635, 0.3856053272986141, 0.4062267113370415, 0.413002748383468, 0.5018948256602591, 0.48227566255679605, 0.5257543579732028, 0.5236459822662134, 0.5456922314565376, 0.5619176934647461, 0.548605448063127, 0.6843506481774879, 123.046875, 1941.2546980146549, 2675.121961913758, 4486.4471667998505, 0.23553243279457092, 0.04096072213910047]","[123, 141, 23, 1.23046875, 26.75121961913758]"
"[0.278489351272583, 0.25793829560279846, 0.36285921931266785, 0.3202228546142578, 0.24665716290473938, 0.25841203331947327, 0.25962549448013306, 0.40434083342552185, 0.4188903272151947, 0.6943649649620056, 0.4661528766155243, 0.24969080090522766, 151.99908088235293, 1299.9886078791274, 1919.118143596551, 2668.9026742298015, 0.12074406445026398, 0.040115572293253535]","[151, 99, 12, 1.5199908088235292, 19.191181435965508]"
"[0.42599838972091675, 0.6507315635681152, 0.4122123122215271, 0.21441495418548584, 0.2558560371398926, 0.20850498974323273, 0.35865676403045654, 0.2666867971420288, 0.20420204102993011, 0.22774823009967804, 0.26283934712409973, 0.4135987460613251, 151.99908088235293, 1441.3637230341485, 1960.1738440926415, 3032.9832921738985, 0.08101259917020798, 0.05155095268861081]","[151, 241, 8, 1.5199908088235292, 19.601738440926415]"
"[0.2752458453178406, 0.23999176919460297, 0.3228479325771332, 0.2835793197154999, 0.23901960253715515, 0.2514868676662445, 0.2640116810798645, 0.4287022352218628, 0.42885154485702515, 0.6741817593574524, 0.4530780613422394, 0.24945560097694397, 172.265625, 1340.4502696298455, 1952.2149658593178, 2784.9921857994123, 0.08201935142278671, 0.04433389679473226]","[172, 140, 8, 1.72265625, 19.52214965859318]"
"[0.2791747768068508, 0.25871238360934107, 0.36359995088186337, 0.3210774250746128, 0.24752636483402968, 0.2590666671978794, 0.2601989059506556, 0.404744572108384, 0.4193537282265358, 0.6947239365737427, 0.46666236331760996, 0.2503966755652874, 143.5546875, 1914.239442601067, 2727.572658365283, 4781.925358320865, 0.1208641305565834, 0.047082036917392094]","[143, 114, 12, 1.435546875, 27.27572658365283]"
"[0.4631434977054596, 0.3803989291191101, 0.45196589827537537, 0.4544420540332794, 0.5963096618652344, 0.44583261013031006, 0.44415900111198425, 0.459089457988739, 0.28555771708488464, 0.26879698038101196, 0.313919335603714, 0.5153104662895203, 123.046875, 2766.9166301400414, 2966.5128237367344, 6237.197334696341, 0.16067355871200562, 0.0852614863869242]","[123, 366, 16, 1.23046875, 29.665128237367345]"
"[0.24763470888137817, 0.2523452937602997, 0.3248893916606903, 0.5033224821090698, 0.4660329222679138, 0.4069383144378662, 0.41398748755455017, 0.42399266362190247, 0.5710353255271912, 0.4199866056442261, 0.37430477142333984, 0.3950898051261902, 123.046875, 2743.9176852038736, 2817.6892904986953, 6089.717933895538, 0.11429085582494736, 0.09447347802185346]","[123, 343, 11, 1.23046875, 28.176892904986953]"
"[0.480102002620697, 0.39072513580322266, 0.4471893012523651, 0.43782901763916016, 0.55763840675354, 0.4080190360546112, 0.4231257438659668, 0.46096980571746826, 0.29249805212020874, 0.2810709476470947, 0.3317471444606781, 0.5423202514648438, 151.99908088235293, 2800.189920874074, 2974.621816779962, 6319.784191166467, 0.11050522327423096, 0.0957830526229865]","[151, 400, 11, 1.5199908088235292, 29.746218167799622]"
"[0.46370955525677426, 0.3813316667267561, 0.45287575749266945, 0.45532657089976497, 0.5970735551286903, 0.44666798212604086, 0.4450350726488499, 0.4599108093684245, 0.28640850668287876, 0.26971616382510927, 0.3147542422900138, 0.5156932261710697, 123.046875, 2881.8262092355694, 3053.0690688353266, 6584.7199582171515, 0.160773366689682, 0.0888666561819913]","[123, 481, 16, 1.23046875, 30.530690688353264]"
"[0.33591029047966003, 0.3232446312904358, 0.36666810512542725, 0.6209606528282166, 0.3742869794368744, 0.32258424162864685, 0.30732011795043945, 0.4063572883605957, 0.5200245380401611, 0.4131423532962799, 0.5315505862236023, 0.41771531105041504, 123.046875, 2139.2973399344733, 2408.9562367387043, 4632.751106204094, 0.16510163247585297, 0.07811508206383751]","[123, 339, 16, 1.23046875, 24.089562367387042]"
"[0.47803497314453125, 0.3520704507827759, 0.48754990100860596, 0.4035605490207672, 0.30041247606277466, 0.2794688940048218, 0.31110572814941406, 0.6092027425765991, 0.34730640053749084, 0.2886638045310974, 0.28495991230010986, 0.3951480984687805, 123.046875, 2354.8617617932473, 2474.640328828966, 5112.187053692873, 0.10825567692518234, 0.10131472870194051]","[123, 554, 10, 1.23046875, 24.746403288289663]"
"[0.3533519506454468, 0.3415810167789459, 0.3829122483730316, 0.6287662386894226, 0.38595420122146606, 0.3320740759372711, 0.31908759474754333, 0.4114667773246765, 0.5095661878585815, 0.41815778613090515, 0.5310261249542236, 0.4187483787536621, 112.34714673913044, 2153.7535855618835, 2433.046013887596, 4697.458418504435, 0.10789511352777481, 0.08256395910426644]","[112, 353, 10, 1.1234714673913044, 24.33046013887596]"
"[0.34221518354296343, 0.3296701304631447, 0.37303992676449815, 0.625513639169412, 0.3810331062483238, 0.32784862482059757, 0.3124610982119452, 0.41129611391110915, 0.5243233919830834, 0.41934199770675373, 0.536543152288508, 0.4230212951275697, 123.046875, 2515.0710074270896, 2772.3300723983903, 5463.470372645199, 0.165326327085495, 0.09001412597479144]","[123, 115, 16, 1.23046875, 27.723300723983904]"
"[0.1911856234073639, 0.15129786729812622, 0.2136499285697937, 0.14537355303764343, 0.14511752128601074, 0.15640471875667572, 0.2797825336456299, 0.5256432890892029, 0.38958486914634705, 0.6333838701248169, 0.48542580008506775, 0.21547497808933258, 117.45383522727273, 2170.2557586843564, 2569.6597388791047, 4729.174087408188, 0.12674903869628906, 0.07724230368153791]","[117, 370, 12, 1.1745383522727273, 25.696597388791048]"
"[0.3582748472690582, 0.6206225752830505, 0.4258496165275574, 0.196062833070755, 0.21329712867736816, 0.15075337886810303, 0.2100878357887268, 0.1267353892326355, 0.1302645206451416, 0.1483321338891983, 0.29358306527137756, 0.5067598819732666, 117.45383522727273, 2137.938215648598, 2364.6160016983395, 4738.277079153631, 0.08707130700349808, 0.08966257055903155]","[117, 337, 8, 1.1745383522727273, 23.646160016983394]"
"[0.2156604379415512, 0.16717146337032318, 0.2387544959783554, 0.15984925627708435, 0.15314222872257233, 0.1642460972070694, 0.2886180579662323, 0.5276298522949219, 0.3801731765270233, 0.6141291260719299, 0.4570872485637665, 0.21799218654632568, 143.5546875, 2232.7973550973775, 2604.347412138581, 4887.91055376238, 0.08585081249475479, 0.08481808813125816]","[143, 432, 8, 1.435546875, 26.043474121385813]"
"[0.19170942378475347, 0.15183711220630158, 0.21415529111728993, 0.14596759004551782, 0.1456791716380567, 0.1568561820333356, 0.28016301945920297, 0.5258854647237587, 0.3899413531465111, 0.6336720640539288, 0.4856962620977163, 0.2159142922570944, 117.45383522727273, 2417.99093290041, 2862.390388378032, 5457.757083531692, 0.12686480581760406, 0.08040736505939428]","[117, 17, 12, 1.1745383522727273, 28.623903883780322]"
"[0.2922520339488983, 0.22202448546886444, 0.20337329804897308, 0.25286319851875305, 0.45533356070518494, 0.5123259425163269, 0.2878389060497284, 0.28564316034317017, 0.3977866470813751, 0.42361167073249817, 0.39369264245033264, 0.33502012491226196, 112.34714673913044, 1687.590036793367, 2123.0298373811447, 3739.591799000272, 0.11828719824552536, 0.05131664144677185]","[112, 487, 11, 1.1234714673913044, 21.230298373811447]"
"[0.3625591993331909, 0.38350820541381836, 0.35814887285232544, 0.3076651096343994, 0.2559289336204529, 0.1990242451429367, 0.17108449339866638, 0.22082392871379852, 0.44329339265823364, 0.4914885461330414, 0.27094653248786926, 0.27348992228507996, 117.45383522727273, 1695.8513497151248, 2029.9879005586226, 3797.490106858678, 0.08180347830057144, 0.05938063197089227]","[117, 495, 8, 1.1745383522727273, 20.299879005586227]"
"[0.3134377598762512, 0.23934955894947052, 0.21207648515701294, 0.2527001202106476, 0.46217408776283264, 0.528043270111084, 0.30026882886886597, 0.2863336503505707, 0.3933444917201996, 0.41350433230400085, 0.3792801797389984, 0.33851030468940735, 135.99917763157896, 1709.7436576148573, 2146.17355188789, 3829.629084811711, 0.07848035544157028, 0.05484799296636918]","[135, 509, 7, 1.3599917763157896, 21.4617355188789]"
"[0.293366998984163, 0.2232392258650578, 0.20469351220901008, 0.253946994431725, 0.4559176181709801, 0.5129452504052506, 0.2887869028050152, 0.2866800408458495, 0.3987290909373745, 0.4244796238040624, 0.3946816971517595, 0.3360607103235204, 112.34714673913044, 2427.938652370827, 2960.3992524420837, 5738.215924450829, 0.11843950301408768, 0.05910629477239753]","[112, 27, 11, 1.1234714673913044, 29.603992524420836]"
"[0.48289230465888977, 0.38281986117362976, 0.39237603545188904, 0.43719184398651123, 0.5347708463668823, 0.5261358618736267, 0.550580620765686, 0.5508763790130615, 0.5895711183547974, 0.6058828830718994, 0.579426646232605, 0.6613729596138, 123.046875, 1446.8395225244888, 2277.3104785605983, 3270.430399466132, 0.2806088924407959, 0.02282984930404425]","[123, 246, 28, 1.23046875, 22.773104785605984]"
"[0.493093878030777, 0.4962022602558136, 0.523447573184967, 0.6186606884002686, 0.41211941838264465, 0.30940142273902893, 0.32619911432266235, 0.38675451278686523, 0.506578803062439, 0.4985608458518982, 0.5031619071960449, 0.49708497524261475, 123.046875, 1429.0732503228296, 2057.2348786195307, 3331.7887033290262, 0.18184274435043335, 0.028399655989299964]","[123, 229, 18, 1.23046875, 20.572348786195306]"
"[0.47370752692222595, 0.3798847496509552, 0.38714009523391724, 0.4364577829837799, 0.5328871011734009, 0.5219991207122803, 0.5482053160667419, 0.5480897426605225, 0.5908786058425903, 0.6028256416320801, 0.5790599584579468, 0.6558958292007446, 151.99908088235293, 1450.103655135094, 2284.5579589636127, 3235.366113153706, 0.1962393969297409, 0.026652673664018283]","[151, 250, 19, 1.5199908088235292, 22.845579589636127]"
"[0.49829729447570165, 0.38703122979779814, 0.3903262288854026, 0.43080597528862075, 0.529349122294844, 0.5272190828033526, 0.5480276887132052, 0.5483355506287226, 0.5833961646922158, 0.6074558110181663, 0.574154660340575, 0.6630468312982163, 123.046875, 1715.5916308994883, 2623.173113660606, 4055.7245264893904, 0.2806652784347534, 0.025044914082335872]","[123, 515, 28, 1.23046875, 26.231731136606058]"
"[0.11359468102455139, 0.17785216867923737, 0.28003907203674316, 0.17572474479675293, 0.18299560248851776, 0.17885972559452057, 0.2196100503206253, 0.40849483013153076, 0.36793819069862366, 0.7192675471305847, 0.37072479724884033, 0.16251502931118011, 143.5546875, 2008.4320434215074, 2351.3473344644303, 4305.418301355074, 0.12792958319187164, 0.07324661515007254]","[143, 208, 12, 1.435546875, 23.513473344644304]"
"[0.37627366185188293, 0.6740803718566895, 0.3094353675842285, 0.14271128177642822, 0.11232351511716843, 0.17929349839687347, 0.28379008173942566, 0.1531255692243576, 0.18764528632164001, 0.1744072437286377, 0.25352925062179565, 0.4237903654575348, 143.5546875, 2162.21380255565, 2352.9838329925437, 4720.72326195253, 0.0887477770447731, 0.09023037240433442]","[143, 362, 8, 1.435546875, 23.529838329925436]"
"[0.12306894361972809, 0.19186455011367798, 0.29710865020751953, 0.19405019283294678, 0.20485742390155792, 0.19816958904266357, 0.2337721437215805, 0.4165894389152527, 0.378080815076828, 0.7406378984451294, 0.3832298219203949, 0.17289231717586517, 117.45383522727273, 2050.995127557807, 2395.5912366737293, 4420.221943703744, 0.08781148493289948, 0.08007940044079234]","[117, 250, 8, 1.1745383522727273, 23.955912366737294]"
"[0.11454415557624333, 0.17743716705929874, 0.280439109135196, 0.17762239057967918, 0.18360336930488988, 0.17985204886803996, 0.2186952891160806, 0.40868423386260444, 0.36653867143949126, 0.7191929061281411, 0.3751503289138546, 0.16487850686942931, 143.5546875, 2312.7821557861203, 2696.9362661497194, 5116.576484289989, 0.12807554006576538, 0.07873583860400798]","[143, 512, 12, 1.435546875, 26.969362661497193]"
"[0.4551481306552887, 0.2709261178970337, 0.28495553135871887, 0.33317941427230835, 0.6013816595077515, 0.3565763235092163, 0.32475513219833374, 0.36662474274635315, 0.2675504982471466, 0.26944512128829956, 0.31174367666244507, 0.6072955131530762, 123.046875, 2086.713117611847, 2378.9617872926246, 4419.934015616499, 0.09930402040481567, 0.0712168032508161]","[123, 286, 9, 1.23046875, 23.789617872926247]"
"[0.2365138679742813, 0.25384780764579773, 0.28872019052505493, 0.5677581429481506, 0.42778143286705017, 0.25733309984207153, 0.2506084740161896, 0.2785223722457886, 0.5703120827674866, 0.32434767484664917, 0.27598312497138977, 0.32632961869239807, 123.046875, 2292.400311145085, 2439.4073546534573, 4923.070545217288, 0.06880747526884079, 0.0900823117859086]","[123, 492, 6, 1.23046875, 24.394073546534575]"
"[0.43142572045326233, 0.25955867767333984, 0.27852126955986023, 0.32462313771247864, 0.5907691717147827, 0.3428034484386444, 0.33314234018325806, 0.37684333324432373, 0.2760278284549713, 0.2747345566749573, 0.30564582347869873, 0.5777108073234558, 143.5546875, 2155.0740638185457, 2430.885951655145, 4630.027713202683, 0.06772416085004807, 0.08014317248040922]","[143, 355, 6, 1.435546875, 24.30885951655145]"
"[0.4563845414996572, 0.27295022588568035, 0.2868767633301837, 0.33505076311304405, 0.6022982699460685, 0.3581001449174559, 0.325975599728305, 0.36741944010903455, 0.269174018464196, 0.2713083767469544, 0.31351800585454387, 0.6083062174096225, 123.046875, 2702.7287075189224, 2973.1890540318163, 6357.387286197633, 0.09952563792467117, 0.0845659911135292]","[123, 302, 9, 1.23046875, 29.73189054031816]"
"[0.6411386132240295, 0.5465478897094727, 0.5642364621162415, 0.5362985134124756, 0.511226236820221, 0.5066794157028198, 0.48754966259002686, 0.630719006061554, 0.5041713118553162, 0.4424636662006378, 0.4271807074546814, 0.4821883738040924, 99.38401442307692, 2483.268963952924, 2962.546981438708, 6127.50062164207, 0.18366022408008575, 0.06509194635246644]","[99, 83, 18, 0.9938401442307692, 29.625469814387078]"
"[0.46127527952194214, 0.388660192489624, 0.3692606985569, 0.4151385426521301, 0.5927658677101135, 0.5021495223045349, 0.48505908250808716, 0.42338496446609497, 0.4304579496383667, 0.45546475052833557, 0.4756004214286804, 0.5925514101982117, 99.38401442307692, 2407.4109021066497, 2877.359286295436, 5876.490798634725, 0.12543582916259766, 0.07095415504851288]","[99, 7, 12, 0.9938401442307692, 28.77359286295436]"
"[0.6211939454078674, 0.536815881729126, 0.5470024943351746, 0.5269370079040527, 0.49100303649902344, 0.489219605922699, 0.47104546427726746, 0.6334030032157898, 0.5146435499191284, 0.44110938906669617, 0.42286550998687744, 0.47018131613731384, 117.45383522727273, 2551.6364838350732, 3024.4487209339845, 6360.2772999598665, 0.1218150407075882, 0.07191636679636482]","[117, 151, 12, 1.1745383522727273, 30.244487209339844]"
"[0.6407038558766377, 0.5493433599460061, 0.5634735759330509, 0.5382805360259049, 0.5115091227496795, 0.5077285768487477, 0.48671354060826133, 0.6305434931011592, 0.5073551885762818, 0.44324395025582847, 0.427932990816686, 0.48078665007592447, 99.38401442307692, 2569.492970514265, 3044.878014848443, 6364.342424892886, 0.18373647332191467, 0.06664144677185346]","[99, 169, 18, 0.9938401442307692, 30.44878014848443]"
"[0.28177690505981445, 0.41108760237693787, 0.348688542842865, 0.251660019159317, 0.359719455242157, 0.3406141996383667, 0.6771297454833984, 0.43898800015449524, 0.37154754996299744, 0.48534470796585083, 0.3160208761692047, 0.4191438853740692, 123.046875, 1869.6588145210956, 2334.3413337406096, 4028.2163866974975, 0.1211198940873146, 0.0664790405671926]","[123, 69, 12, 1.23046875, 23.343413337406094]"
"[0.34911707043647766, 0.46323156356811523, 0.325323224067688, 0.43122994899749756, 0.2638412415981293, 0.3660569489002228, 0.3493160307407379, 0.22096244990825653, 0.3316660523414612, 0.28130894899368286, 0.6335718631744385, 0.4646511375904083, 123.046875, 1911.2207660900388, 2261.534411795162, 4049.843314319233, 0.08105751872062683, 0.07988561077484585]","[123, 111, 8, 1.23046875, 22.615344117951622]"
"[0.30394816398620605, 0.3940080404281616, 0.3601149916648865, 0.24188371002674103, 0.3294430077075958, 0.29683083295822144, 0.6368023157119751, 0.4779435992240906, 0.3546633720397949, 0.4860529899597168, 0.3354094624519348, 0.4303170442581177, 143.5546875, 1846.0154084020867, 2349.0560153497413, 4033.6039216403187, 0.08354036509990692, 0.06744169534991293]","[143, 46, 8, 1.435546875, 23.490560153497412]"
"[0.28441927983755694, 0.41451340658412633, 0.34856686340350135, 0.25500688026048696, 0.3623117209796557, 0.34782443777880445, 0.6795236617418224, 0.4369966768525756, 0.37630492340868726, 0.4863090878119715, 0.31824629509042446, 0.42045521698644245, 123.046875, 2372.917986951256, 2850.863203255091, 5589.076819020334, 0.12131427228450775, 0.07847248197769315]","[123, 572, 12, 1.23046875, 28.50863203255091]"
"[0.4334370493888855, 0.44512882828712463, 0.3862743079662323, 0.4157958924770355, 0.4057019352912903, 0.6653167009353638, 0.513310968875885, 0.35521200299263, 0.38453617691993713, 0.3644052743911743, 0.42856305837631226, 0.3670390844345093, 129.19921875, 2501.226278845484, 2582.9104124149917, 5238.734650222728, 0.1259019523859024, 0.10619169670384476]","[129, 101, 12, 1.2919921875, 25.829104124149918]"
"[0.3468954563140869, 0.34817826747894287, 0.44466501474380493, 0.3724900484085083, 0.4049839675426483, 0.41860929131507874, 0.3614923655986786, 0.40202173590660095, 0.37359413504600525, 0.6354947686195374, 0.5031421780586243, 0.32435113191604614, 129.19921875, 2714.0494300882438, 2609.1370996686846, 5785.078172818621, 0.0865274965763092, 0.1272651857771128]","[129, 314, 8, 1.2919921875, 26.091370996686848]"
"[0.4323689043521881, 0.4474336504936218, 0.3920597434043884, 0.42595982551574707, 0.4097740650177002, 0.6702738404273987, 0.522284984588623, 0.35913151502609253, 0.39203694462776184, 0.3548402190208435, 0.40123555064201355, 0.3581293821334839, 117.45383522727273, 2527.973331840896, 2600.7341413079857, 5307.648648372878, 0.08571750670671463, 0.11098949546963431]","[117, 127, 8, 1.1745383522727273, 26.007341413079857]"
"[0.4337656835740063, 0.44544824617817536, 0.38672582864123006, 0.41630902687401616, 0.406238470220098, 0.6654854130462253, 0.5135960329142956, 0.35561233267849984, 0.3848362502535848, 0.36468963724910747, 0.42894552394665253, 0.3675051873561012, 129.19921875, 2588.834705041113, 2680.74573124933, 5434.993746387037, 0.1260111927986145, 0.10798790578527385]","[129, 188, 12, 1.2919921875, 26.8074573124933]"
"[0.49573591351509094, 0.39053773880004883, 0.4586374759674072, 0.4658740162849426, 0.4835284650325775, 0.5699292421340942, 0.49382877349853516, 0.5922001600265503, 0.49373137950897217, 0.46865808963775635, 0.39655154943466187, 0.4081161618232727, 99.38401442307692, 2022.0178224674635, 2604.7568226934277, 4941.092984902068, 0.17759406566619873, 0.05001048467537178]","[99, 222, 17, 0.9938401442307692, 26.047568226934278]"
"[0.4852565824985504, 0.3876122534275055, 0.33280545473098755, 0.35136333107948303, 0.45577552914619446, 0.3846242427825928, 0.41942694783210754, 0.39139464497566223, 0.43823033571243286, 0.5362879633903503, 0.5005143284797668, 0.5769119262695312, 99.38401442307692, 1968.0531072524232, 2548.2207071658545, 4772.994194819437, 0.12076755613088608, 0.05370792669795067]","[99, 168, 12, 0.9938401442307692, 25.482207071658546]"
"[0.4861346185207367, 0.380134642124176, 0.4563061594963074, 0.4534321129322052, 0.4820806384086609, 0.570131242275238, 0.49294334650039673, 0.585290789604187, 0.49462413787841797, 0.47472670674324036, 0.3939608037471771, 0.40124547481536865, 117.45383522727273, 2077.4353271336963, 2644.301404302351, 5113.812322288583, 0.11754412949085236, 0.0557152927051589]","[117, 277, 11, 1.1745383522727273, 26.44301404302351]"
"[0.4962421046731884, 0.39072797962087474, 0.46009947188102035, 0.4661271776864118, 0.4854058497004839, 0.5701554786449586, 0.4947759763071182, 0.5926728464381309, 0.4937777828410832, 0.4687565461931635, 0.3966284253921913, 0.4096018122291775, 99.38401442307692, 2288.9811871869874, 2954.2134264519677, 5698.570462331679, 0.17767752707004547, 0.05308593041575988]","[99, 488, 17, 0.9938401442307692, 29.542134264519678]"
"[0.41017794609069824, 0.47448527812957764, 0.5011593103408813, 0.5521635413169861, 0.4244980216026306, 0.32594993710517883, 0.5287401676177979, 0.39877861738204956, 0.38506627082824707, 0.4499928951263428, 0.4014187157154083, 0.6821717619895935, 123.046875, 1547.4172452023786, 2034.9277693845695, 3316.4178858643904, 0.13335774838924408, 0.05726616340224882]","[123, 347, 13, 1.23046875, 20.349277693845696]"
"[0.3782464861869812, 0.43155941367149353, 0.409182071685791, 0.6665155291557312, 0.3566194772720337, 0.40454569458961487, 0.45047393441200256, 0.49962979555130005, 0.3931770622730255, 0.299125611782074, 0.4975420832633972, 0.3987472653388977, 123.046875, 1656.329616373687, 2052.560283417005, 3553.872803531352, 0.09090494364500046, 0.073708861817646]","[123, 456, 9, 1.23046875, 20.525602834170048]"
"[0.3953758180141449, 0.45727330446243286, 0.47886934876441956, 0.5286820530891418, 0.4166070520877838, 0.3138420283794403, 0.5050435662269592, 0.3896685242652893, 0.38040250539779663, 0.4475145936012268, 0.3918759524822235, 0.6687924861907959, 143.5546875, 1564.1693101541707, 2073.5736096129563, 3344.2226889863136, 0.08979528397321701, 0.062299755795602964]","[143, 364, 8, 1.435546875, 20.735736096129564]"
"[0.4107711864955483, 0.4750171233398543, 0.5016441906748368, 0.5526542615911514, 0.4250314024782871, 0.3265010636221311, 0.5290935227861375, 0.39920365765207383, 0.3855941073820691, 0.4504872755222513, 0.4018993966378445, 0.682309502114117, 123.046875, 1899.1405225166268, 2554.7603082286464, 4197.377387743131, 0.13345946371555328, 0.06041882735990207]","[123, 99, 13, 1.23046875, 25.547603082286464]"
"[0.3944131135940552, 0.37301304936408997, 0.3791676163673401, 0.4533475637435913, 0.4209080934524536, 0.721733033657074, 0.49269455671310425, 0.37491893768310547, 0.3332570791244507, 0.3669164478778839, 0.371951699256897, 0.3332832157611847, 129.19921875, 2433.1279861994212, 2359.5194831004683, 4893.52780280876, 0.1237906962633133, 0.11821772561887922]","[129, 33, 12, 1.2919921875, 23.595194831004683]"
"[0.2948538064956665, 0.3290170133113861, 0.371315062046051, 0.32842862606048584, 0.3604722321033478, 0.3471350073814392, 0.35538291931152344, 0.433406800031662, 0.39649540185928345, 0.7071389555931091, 0.46592769026756287, 0.3347457945346832, 129.19921875, 2711.271824646803, 2416.074987025934, 5532.264153249116, 0.08362291008234024, 0.13926234641367427]","[129, 311, 8, 1.2919921875, 24.16074987025934]"
"[0.4047505259513855, 0.36726129055023193, 0.37540268898010254, 0.45414042472839355, 0.4144303500652313, 0.7016214728355408, 0.5193585157394409, 0.40825575590133667, 0.3497195243835449, 0.3802896738052368, 0.3797902762889862, 0.3414739966392517, 117.45383522727273, 2476.270721292939, 2376.9190896142977, 4966.595334097464, 0.08289527893066406, 0.12107695669623422]","[117, 76, 8, 1.1745383522727273, 23.769190896142977]"
"[0.5272616284639462, 0.5103982658524233, 0.5186466511494611, 0.5771005885586649, 0.5349701037516921, 0.7263078185358002, 0.5536498477724773, 0.43810854444887004, 0.43916454754405343, 0.4790298684971061, 0.49225156758690597, 0.4664425837542076, 129.19921875, 3127.100495556458, 2694.492898730689, 5999.027767741771, 0.12472017109394073, 0.18545725936253174]","[129, 127, 12, 1.2919921875, 26.944928987306888]"
"[0.14528301358222961, 0.1162865087389946, 0.2128620594739914, 0.14027108252048492, 0.12586548924446106, 0.12875957787036896, 0.24714875221252441, 0.5395485162734985, 0.34078505635261536, 0.6060588955879211, 0.5012325048446655, 0.1795041561126709, 117.45383522727273, 1925.1440607432341, 2416.817967409874, 4154.396895615138, 0.10243107378482819, 0.06894364770357272]","[117, 125, 10, 1.1745383522727273, 24.16817967409874]"
"[0.32885491847991943, 0.5843855738639832, 0.43908607959747314, 0.1598948985338211, 0.14946961402893066, 0.11667526513338089, 0.22938470542430878, 0.13938692212104797, 0.125039204955101, 0.13002057373523712, 0.2835415005683899, 0.5381135940551758, 123.046875, 1919.6893202407928, 2187.9936911411296, 4225.252615147238, 0.06972894817590714, 0.08221402339499456]","[123, 119, 6, 1.23046875, 21.879936911411296]"
"[0.1382524073123932, 0.11272472143173218, 0.2058020532131195, 0.14291374385356903, 0.1263454109430313, 0.12179645150899887, 0.24168114364147186, 0.5516963601112366, 0.35345616936683655, 0.5987040400505066, 0.4835183918476105, 0.17473994195461273, 143.5546875, 1912.6878957483352, 2425.226192015988, 4169.819946023345, 0.07414937019348145, 0.06919478871898128]","[143, 112, 7, 1.435546875, 24.25226192015988]"
"[0.14635439288387603, 0.11734453934890818, 0.21354284176024516, 0.14125325471970995, 0.12684702374482074, 0.12969203570516247, 0.24789642897220243, 0.540011725770916, 0.34146738162051854, 0.6065422932757415, 0.5017681030942933, 0.18045802699937405, 117.45383522727273, 2335.9892264798564, 2864.689899467331, 5443.706219396083, 0.10258293896913528, 0.07575425904515778]","[117, 535, 10, 1.1745383522727273, 28.64689899467331]"
"[0.3297489285469055, 0.2520824074745178, 0.3190964162349701, 0.3345281779766083, 0.5316524505615234, 0.45765119791030884, 0.3553628921508789, 0.38207554817199707, 0.35658013820648193, 0.5202787518501282, 0.3371778130531311, 0.4644148349761963, 95.703125, 1692.9693828508755, 2084.5160619787057, 3563.1437183334465, 0.11486127972602844, 0.06555844356410954]","[95, 492, 11, 0.95703125, 20.845160619787055]"
"[0.34159916639328003, 0.48404619097709656, 0.2759076952934265, 0.39119598269462585, 0.3108140528202057, 0.23857010900974274, 0.3162113130092621, 0.30818772315979004, 0.5117278695106506, 0.46998682618141174, 0.3715246915817261, 0.39491987228393555, 99.38401442307692, 1877.8905173113687, 2155.8457309062137, 4028.1812400112212, 0.0773603767156601, 0.07801997614027929]","[99, 77, 7, 0.9938401442307692, 21.55845730906214]"
"[0.3333630859851837, 0.2540840804576874, 0.32356083393096924, 0.3358374238014221, 0.5329034328460693, 0.4718904495239258, 0.3548627495765686, 0.37994930148124695, 0.3348000645637512, 0.5111849308013916, 0.3156198561191559, 0.42406752705574036, 117.45383522727273, 1735.090900490504, 2108.1013094564228, 3646.981212331982, 0.07479910552501678, 0.06846481143883326]","[117, 535, 7, 1.1745383522727273, 21.081013094564227]"
"[0.3337813888601728, 0.2539222586150855, 0.31997618749839885, 0.33323799185806485, 0.5296174291423256, 0.46072952137566825, 0.3554724287948823, 0.38285865174513917, 0.3540009746244179, 0.5222189875895497, 0.33842619434429305, 0.46497181968489154, 95.703125, 2162.355233030634, 2696.042341100189, 4961.528830377788, 0.11498653888702393, 0.07156339969849473]","[95, 362, 11, 0.95703125, 26.960423411001887]"
"[0.6467764973640442, 0.4997432827949524, 0.5229969024658203, 0.5602564811706543, 0.5175438523292542, 0.5501701235771179, 0.5071135759353638, 0.5683746933937073, 0.4767087399959564, 0.4013541340827942, 0.4449303448200226, 0.48740431666374207, 129.19921875, 2217.3393946060282, 2339.572468444977, 4815.26003765982, 0.12771880626678467, 0.08909034106365615]","[129, 417, 12, 1.2919921875, 23.39572468444977]"
"[0.43805184960365295, 0.3549283742904663, 0.40640851855278015, 0.4545292258262634, 0.5880582332611084, 0.4392581284046173, 0.47323745489120483, 0.49658671021461487, 0.47568121552467346, 0.5273334980010986, 0.5040642619132996, 0.5477493405342102, 129.19921875, 2494.7358603858643, 2507.9192653675414, 5426.964681166689, 0.08694934844970703, 0.11281971175643815]","[129, 94, 8, 1.2919921875, 25.079192653675413]"
"[0.616927444934845, 0.4841373562812805, 0.5253937840461731, 0.5598292350769043, 0.5088897943496704, 0.5355826616287231, 0.5036178231239319, 0.5761090517044067, 0.4725577235221863, 0.38848167657852173, 0.4301139712333679, 0.4752334952354431, 117.45383522727273, 2258.2966679404794, 2369.7870091186323, 4912.176420670984, 0.08631900697946548, 0.09742624551044841]","[117, 458, 8, 1.1745383522727273, 23.697870091186324]"
"[0.6470318510949545, 0.5001915212961519, 0.5234901680585108, 0.5608612503432076, 0.5181317212879887, 0.5504488696140524, 0.507457450853813, 0.5686331241571208, 0.477088072081835, 0.40201394805223606, 0.4454720096903959, 0.4877863906653949, 129.19921875, 2382.3686627288907, 2593.4057235515493, 5139.538985990207, 0.1278315931558609, 0.09272296228917301]","[129, 582, 12, 1.2919921875, 25.934057235515493]"
"[0.4116777181625366, 0.3661970794200897, 0.4334869980812073, 0.44519463181495667, 0.5931063294410706, 0.4538041949272156, 0.4663952887058258, 0.48239755630493164, 0.2811773121356964, 0.2559485137462616, 0.29166796803474426, 0.4642593562602997, 123.046875, 2731.7428924559176, 2896.422790328718, 6037.962485760678, 0.15123863518238068, 0.08489381432490026]","[123, 331, 15, 1.23046875, 28.964227903287178]"
"[0.25009164214134216, 0.24325062334537506, 0.2925093173980713, 0.4346736967563629, 0.3958403766155243, 0.3652621805667877, 0.39871746301651, 0.42777299880981445, 0.6039907336235046, 0.44275593757629395, 0.3955491781234741, 0.4090431034564972, 123.046875, 2716.3720631333936, 2810.958101159137, 6031.780574163493, 0.10678497701883316, 0.08881370148712368]","[123, 316, 10, 1.23046875, 28.109581011591374]"
"[0.44237542152404785, 0.3721944987773895, 0.4245029389858246, 0.4253200590610504, 0.5750046372413635, 0.41604605317115784, 0.47223961353302, 0.49448370933532715, 0.3170982897281647, 0.28332090377807617, 0.32315006852149963, 0.5169191956520081, 151.99908088235293, 2823.554573865428, 2924.914784644323, 6226.264280685405, 0.09525445848703384, 0.10200146420602961]","[151, 423, 9, 1.5199908088235292, 29.24914784644323]"
"[0.4121378957439938, 0.3667826771707171, 0.4339803749189357, 0.445618411466887, 0.5933760279474037, 0.45418739188521867, 0.4667337070440317, 0.482761589235514, 0.28171097568363934, 0.25657061863067254, 0.2922461809362284, 0.46463532083206566, 123.046875, 2869.146366229752, 3024.4388296380093, 6467.466707613575, 0.15134146809577942, 0.08707434343262604]","[123, 469, 15, 1.23046875, 30.244388296380095]"
"[0.2468528300523758, 0.17232701182365417, 0.20256726443767548, 0.1581876575946808, 0.15459464490413666, 0.16007427871227264, 0.3037782907485962, 0.5507559180259705, 0.3963260054588318, 0.6544407606124878, 0.4557947516441345, 0.22848163545131683, 117.45383522727273, 1877.7644537478259, 2299.756353339177, 4055.630801992655, 0.13509714603424072, 0.0681000918117519]","[117, 77, 13, 1.1745383522727273, 22.997563533391773]"
"[0.38914650678634644, 0.6222019195556641, 0.3852625787258148, 0.19892074167728424, 0.239117830991745, 0.16391892731189728, 0.20051604509353638, 0.15167945623397827, 0.15264345705509186, 0.14593292772769928, 0.31448638439178467, 0.5285018682479858, 123.046875, 1984.930838725917, 2271.1630966606554, 4387.060148386494, 0.09314684569835663, 0.08248340162540806]","[123, 184, 9, 1.23046875, 22.711630966606553]"
"[0.22862151265144348, 0.16661347448825836, 0.2075822949409485, 0.16822142899036407, 0.15691323578357697, 0.16134808957576752, 0.3032543957233429, 0.5579056739807129, 0.4042814075946808, 0.6532425880432129, 0.46327292919158936, 0.22826236486434937, 143.5546875, 1969.5266159074827, 2387.6995993188875, 4301.95806733307, 0.09125629812479019, 0.07366754700424466]","[143, 169, 9, 1.435546875, 23.876995993188874]"
"[0.24729263380263172, 0.172800635729405, 0.2029070119093689, 0.15865120769214947, 0.15509033369154296, 0.16045760424318387, 0.3040028578864886, 0.5508562092281856, 0.39655786936254156, 0.6545742631460555, 0.4560847166390905, 0.22892747678855682, 117.45383522727273, 2187.238560116296, 2730.2999712244923, 4911.2885949401525, 0.13519561290740967, 0.07176317526976786]","[117, 387, 13, 1.1745383522727273, 27.302999712244922]"
"[0.32648956775665283, 0.2470473051071167, 0.28168395161628723, 0.2617703676223755, 0.43132585287094116, 0.37664806842803955, 0.32898950576782227, 0.5297413468360901, 0.35739660263061523, 0.5056021213531494, 0.3190178871154785, 0.3669416010379791, 95.703125, 2435.2571582898827, 2664.537567282884, 5362.654055656624, 0.12066686153411865, 0.09776570150979326]","[95, 35, 12, 0.95703125, 26.64537567282884]"
"[0.3226652443408966, 0.4950249195098877, 0.29940611124038696, 0.3487216532230377, 0.306520015001297, 0.23197603225708008, 0.2632388472557068, 0.2367301732301712, 0.42250296473503113, 0.36486339569091797, 0.30646634101867676, 0.4971846044063568, 95.703125, 2555.5196673451023, 2642.866309095493, 5677.341863821069, 0.08261165022850037, 0.11335758268725063]","[95, 155, 8, 0.95703125, 26.428663090954927]"
"[0.33101141452789307, 0.2490411400794983, 0.2851291000843048, 0.2716037333011627, 0.4478992521762848, 0.39393043518066406, 0.3312327563762665, 0.5215237736701965, 0.3623018264770508, 0.5153671503067017, 0.3298400044441223, 0.37455710768699646, 117.45383522727273, 2448.1549096806816, 2685.6753306562073, 5426.657796684534, 0.08287597447633743, 0.09796086777590335]","[117, 48, 8, 1.1745383522727273, 26.856753306562073]"
"[0.3268919224645887, 0.24833929117888995, 0.2830411331459275, 0.2642923219237447, 0.4335719617482858, 0.3766463728986622, 0.33196006991657945, 0.5302381192789941, 0.35956829644418675, 0.5064850639104663, 0.3193054583359264, 0.36842860789558546, 129.19921875, 2602.854897365831, 2822.097987101315, 5827.15266147817, 0.1208050474524498, 0.10271811666893363]","[129, 202, 12, 1.2919921875, 28.22097987101315]"
"[0.42246928811073303, 0.3880355656147003, 0.30690211057662964, 0.3609321713447571, 0.378013551235199, 0.7242797017097473, 0.4665742516517639, 0.3143547773361206, 0.26626208424568176, 0.3170458972454071, 0.40644481778144836, 0.3252892792224884, 129.19921875, 2448.886461044536, 2614.303987397694, 5236.547745298898, 0.12492186576128006, 0.101021972479144]","[129, 48, 12, 1.2919921875, 26.143039873976942]"
"[0.24218672513961792, 0.29765769839286804, 0.3899626135826111, 0.3167789578437805, 0.39810264110565186, 0.37210211157798767, 0.27934107184410095, 0.3547372817993164, 0.3612409234046936, 0.7182945013046265, 0.466097354888916, 0.2799859046936035, 129.19921875, 2557.5587966959006, 2513.649317077852, 5411.640725950421, 0.08480743318796158, 0.11994415493516504]","[129, 157, 8, 1.2919921875, 25.13649317077852]"
"[0.4514038860797882, 0.41698330640792847, 0.3333819806575775, 0.3847688138484955, 0.3842819333076477, 0.699803352355957, 0.47865012288093567, 0.334623247385025, 0.2901640832424164, 0.3486904501914978, 0.4347485899925232, 0.3494919240474701, 117.45383522727273, 2495.1063108335497, 2633.062102879356, 5361.931631696914, 0.08310680836439133, 0.10884590464464519]","[117, 95, 8, 1.1745383522727273, 26.330621028793562]"
"[0.42188331332431483, 0.3895422830758295, 0.30713771175374815, 0.3613169303175729, 0.37565834890517497, 0.7233701576042948, 0.46928610990972675, 0.31521611506089975, 0.26636873356919394, 0.31633620136283674, 0.406702067082063, 0.3261422926991273, 129.19921875, 2600.2129272431175, 2803.0295507449373, 5669.672075838207, 0.12502539157867432, 0.10379173325852376]","[129, 200, 12, 1.2919921875, 28.030295507449374]"
"[0.4060995578765869, 0.360946387052536, 0.42316246032714844, 0.4156665503978729, 0.6167662739753723, 0.46059826016426086, 0.3478929400444031, 0.400008887052536, 0.3841126263141632, 0.47737085819244385, 0.3947547972202301, 0.46948161721229553, 95.703125, 1587.9703870832395, 1836.0753244511475, 3494.646731969192, 0.1313549131155014, 0.059455724916122596]","[95, 387, 13, 0.95703125, 18.360753244511475]"
"[0.3313279151916504, 0.46255093812942505, 0.34633195400238037, 0.4180559813976288, 0.3860345482826233, 0.34907305240631104, 0.3777245581150055, 0.3655332624912262, 0.5686475038528442, 0.418241947889328, 0.3077355921268463, 0.34969833493232727, 129.19921875, 1765.894990452965, 1946.1751989569038, 3939.392900103713, 0.08986463397741318, 0.07179682541031919]","[129, 565, 8, 1.2919921875, 19.461751989569038]"
"[0.41472527384757996, 0.3664747476577759, 0.4141972064971924, 0.4065009653568268, 0.6026458144187927, 0.4622977674007416, 0.36183542013168335, 0.4086836576461792, 0.4040701687335968, 0.4888460636138916, 0.40212199091911316, 0.47073209285736084, 117.45383522727273, 1627.7900989309617, 1867.558941387326, 3597.638585145026, 0.0908864364027977, 0.062377345110470175]","[117, 427, 9, 1.1745383522727273, 18.67558941387326]"
"[0.4066178355974916, 0.36160810837865026, 0.42381440579564744, 0.41634445690225885, 0.6172953521398493, 0.460996582239154, 0.34833960039409945, 0.4005054283139758, 0.3846285981510731, 0.4778523662207885, 0.39532398998436596, 0.4698956367805036, 129.19921875, 2080.966686378705, 2705.268059074196, 4795.886403147103, 0.13146182894706726, 0.06443399755168662]","[129, 280, 13, 1.2919921875, 27.05268059074196]"
